{"path":"/Users/paulo.rieck/Documents/CVs Netzsch","name":"CVs Netzsch","type":"folder","children":[{"path":"/Users/paulo.rieck/Documents/CVs Netzsch/.DS_Store","name":".DS_Store","type":"file"},{"path":"/Users/paulo.rieck/Documents/CVs Netzsch/Enviados","name":"Enviados","type":"folder","children":[{"path":"/Users/paulo.rieck/Documents/CVs Netzsch/Enviados/Adriano Klein.pdf","name":"Adriano Klein.pdf","type":"file"},{"path":"/Users/paulo.rieck/Documents/CVs Netzsch/Enviados/Douglas Ehlert.pdf","name":"Douglas Ehlert.pdf","type":"file"},{"path":"/Users/paulo.rieck/Documents/CVs Netzsch/Enviados/Emerson Luiz Tiecher.pdf","name":"Emerson Luiz Tiecher.pdf","type":"file"},{"path":"/Users/paulo.rieck/Documents/CVs Netzsch/Enviados/Lislaine Franciele Kujavski.pdf","name":"Lislaine Franciele Kujavski.pdf","type":"file"},{"path":"/Users/paulo.rieck/Documents/CVs Netzsch/Enviados/Matheus Detlef Knaesel.pdf","name":"Matheus Detlef Knaesel.pdf","type":"file"},{"path":"/Users/paulo.rieck/Documents/CVs Netzsch/Enviados/Ricardo Lorenzoni da Silva - Complemento.pdf","name":"Ricardo Lorenzoni da Silva - Complemento.pdf","type":"file"},{"path":"/Users/paulo.rieck/Documents/CVs Netzsch/Enviados/Ricardo Lorenzoni da Silva.pdf","name":"Ricardo Lorenzoni da Silva.pdf","type":"file"}]}]}